mass,radius,orbital_period,star_mass,star_radius,star_teff,planet_type
30.0,0.97,4640.0,0.12,0.089,2205.0,gas_giant
20.0,0.92,7340.0,0.08,0.1,2300.0,gas_giant
30.0,1.3,8686.0,0.13,0.11,2350.0,gas_giant
0.47,1.9,4.2308,1.11,1.266,5793.0,gas_giant
0.02547,0.177536225419,0.7365478,0.905,0.943,5196.0,terrestrial
0.0513,0.199,41.6855,0.961,0.928,5766.0,gas_giant
0.46,1.03,3.4878,0.99,1.71,5400.0,gas_giant
6.2,1.91,0.448413,0.39,1.39,3740.0,gas_giant
1.03,1.49,1.5089557,0.95,1.11,6298.0,gas_giant
2.75,0.97,13.2406,0.89,0.79,5075.0,gas_giant
2.33,1.43,2.994325,1.27,1.36,6343.0,gas_giant
0.917,1.44,2.828042,1.078,1.116,5675.0,gas_giant
1.308,0.885,4.03519,1.09,1.01,5945.0,gas_giant
7.6,1.09,1.51214,1.13,1.21,6035.0,gas_giant
0.535,1.17,5.35227,1.098,1.19,5650.0,gas_giant
2.43,1.02,3.768125,1.04,1.59,5740.0,gas_giant
3.47,1.31,1.9000693,0.95,1.0,5440.0,gas_giant
1.11,1.29,3.89713,1.21,1.65,6090.0,gas_giant
3.31,1.465,1.7429964,0.97,0.902,5575.0,gas_giant
4.24,0.84,9.24285,1.14,0.92,5880.0,gas_giant
2.26,1.3,2.72474,1.29,1.945,6200.0,gas_giant
0.0383853003178,0.435365216104,9.75598,1.099,1.136,5939.0,gas_giant
2.8,1.08,3.6314,1.14,1.61,5900.0,gas_giant
0.018,0.33,5.1134,0.91,0.86,4950.0,gas_giant
0.088,0.44,11.759,0.91,0.86,4950.0,gas_giant
0.27,1.08,4.86069,1.09,1.19,6040.0,gas_giant
0.52,1.26,4.20474,1.09,1.79,5590.0,gas_giant
10.39,1.007,3.57532,1.05,1.08,5900.0,gas_giant
0.484,0.955,5.20851,1.01,1.78,5150.0,gas_giant
0.85,0.9,2.85057,0.976,0.9,5260.0,gas_giant
21.77,1.01,4.2567994,1.41,1.44,6558.0,gas_giant
2.84,1.02,9.06005,0.98,0.91,5660.0,gas_giant
0.84,1.46,4.62941,1.25,2.15,5370.0,gas_giant
0.15,0.57,6.71837,1.09,0.79,5970.0,gas_giant
59.2,1.1,5.819143,0.86,0.94,5225.0,gas_giant
0.72,1.19,9.20205,1.1,1.15,6190.0,gas_giant
0.467,1.33,4.0378962,1.0,1.186,6100.0,gas_giant
2.96,1.166,8.886593,1.055,1.025,6090.0,gas_giant
0.0149,0.136,0.853585,0.93,0.87,5313.0,terrestrial
0.215838655885,0.569186491545,6.21229,0.88,0.77,5080.0,gas_giant
0.84,0.94,95.273804,0.99,0.94,5625.0,gas_giant
0.0379,0.245,5.65639,1.13,1.52,5830.0,gas_giant
1.4,0.25,0.381071,0.6,0.57,3830.0,gas_giant
0.027,0.17,5.35117,0.89,1.23,5730.0,terrestrial
0.101,0.38,10.13675,1.074,1.311,6120.0,gas_giant
1.85,0.942,11.39109,0.832,0.828,5027.0,gas_giant
0.84,1.115,20.273034,0.831,0.881,5560.0,gas_giant
0.84,1.44,3.31392,1.3,1.78,6030.0,gas_giant
36.5,0.937,5.292569,0.99,1.01,5850.0,gas_giant
1.28,0.91,5.817712,1.007,1.047,5627.0,gas_giant
1.019,1.095,6.5693,1.005,0.987,5654.0,gas_giant
0.495,1.089,9.1708,1.19,4.11,4878.0,gas_giant
0.0167,0.137,0.2803226,0.662,0.674,4373.0,terrestrial
0.0051,0.103,1.62893,0.181,0.207,3270.0,terrestrial
0.0203253311519,0.238201870286,1.58040482,0.15,0.216,3026.0,gas_giant
0.0437533292587,0.373807429400356,3.33671,0.539,0.55,3600.0,gas_giant
0.07,0.38,2.64394,0.452,0.464,3684.0,gas_giant
0.0258,0.146,1.2089819,0.659,0.651,4255.0,terrestrial
0.0079,0.115,3.648086,0.659,0.651,4255.0,terrestrial
0.012,0.186,6.201472,0.659,0.651,4255.0,gas_giant
2.79,1.263,4.1752379,1.135,1.186,5970.0,gas_giant
0.525,1.319,4.46529976,1.151,1.174,5980.0,gas_giant
0.0824340056005,0.421983088559,4.887802443,0.81,0.75,4780.0,gas_giant
0.210489884529,0.954591764817,3.2130598,0.73,0.7,4650.0,gas_giant
0.85,1.28,2.916243,1.22,1.56,5638.0,gas_giant
2.2,1.2,4.627657,1.386,1.468,6600.0,gas_giant
1.946,1.072,10.863502,1.013,1.08,5568.0,gas_giant
4.193,1.289,2.77596,1.218,1.237,6158.0,gas_giant
0.534,1.01,10.338523,0.857,0.837,5246.0,gas_giant
0.183,0.947,5.508029,0.77,0.717,4870.0,gas_giant
0.292,1.132,4.008784,0.842,0.82,4990.0,gas_giant
8.74,0.951,5.6334729,1.34,1.54,6414.0,gas_giant
7.246,0.867,2.875317,0.756,0.694,4595.0,gas_giant
4.063,1.024,4.124461,0.947,1.105,5588.0,gas_giant
2.147,1.08,3.21222,0.916,1.04,5302.0,gas_giant
2.09,1.368,1.212884,1.13,1.29,5924.0,gas_giant
0.685,1.242,3.35524,1.191,1.317,6373.0,gas_giant
0.567,1.19,3.652836,1.01,0.959,5500.0,gas_giant
0.0585218513042,0.564725782364,4.234516,0.816,0.788,5079.0,gas_giant
0.66,1.055,3.0395803,0.945,0.898,5300.0,gas_giant
0.626,1.212,3.257215,1.025,1.103,5680.0,gas_giant
0.778,1.107,5.723186,1.207,1.224,6087.0,gas_giant
0.591,0.827,2.899703,0.917,0.799,5224.0,gas_giant
0.711,1.34,2.810595,1.18,1.33,6250.0,gas_giant
2.171,1.07,5.005425,1.218,1.36,6065.0,gas_giant
0.941,2.037,2.150009,1.176,1.387,6001.0,gas_giant
0.763,1.827,3.474474,1.403,1.777,6401.0,gas_giant
3.328,1.107,5.452654,1.36,1.45,6509.0,gas_giant
1.054,1.332,3.646706,1.236,1.435,6096.0,gas_giant
1.832,1.264,1.327347,1.022,1.096,5580.0,gas_giant
1.169,1.178,2.797436,0.929,0.877,5500.0,gas_giant
0.267,0.825,4.640382,0.886,0.923,5330.0,gas_giant
0.599,1.571,3.54387,1.404,1.625,6430.0,gas_giant
0.68,1.27,3.0565114,1.26,1.59,5890.0,gas_giant
0.615,1.73,4.457243,1.512,2.206,6080.0,gas_giant
0.8,1.685,2.694047,1.28,1.19,6479.0,gas_giant
0.975,1.277,4.641876,1.179,1.528,5743.0,gas_giant
0.66,1.283,3.332688,1.048,1.104,5645.0,gas_giant
0.392,1.28,4.301217,0.939,0.979,5295.0,gas_giant
0.892,1.426,3.128992,1.259,1.319,6330.0,gas_giant
0.493,1.284,4.463129,1.284,1.396,6120.0,gas_giant
0.206,1.313,4.732182,1.387,1.515,6703.0,gas_giant
0.168,1.131,4.40865,1.099,1.223,5946.0,gas_giant
1.73,1.413,2.691548,1.543,1.833,6820.0,gas_giant
1.06,1.252,2.788491,1.163,1.137,5960.0,gas_giant
1.36,1.288,3.1220109,1.273,1.698,6280.0,gas_giant
0.309,1.293,4.2180278,0.976,1.041,5449.0,gas_giant
0.819,1.009,2.7535953,0.887,0.893,5131.0,gas_giant
1.487,1.318,1.9616241,1.093,1.209,5956.0,gas_giant
0.76,0.944,3.799847,0.645,0.617,4390.0,gas_giant
0.582,1.182,3.5852467,1.013,1.011,5808.0,gas_giant
2.2,1.466,2.7908327,1.296,1.428,6566.0,gas_giant
1.85,1.413,2.465295,1.47,1.5,7500.0,gas_giant
1.057,1.33,3.853003,1.29,1.46,6570.0,gas_giant
0.527,1.89,2.6054552,1.212,1.86,5835.0,gas_giant
0.783,1.59,2.972086,1.255,1.881,6002.0,gas_giant
0.34,2.085,4.81010205,1.642,1.546,6406.0,gas_giant
1.741,1.431,2.204735471,1.51,2.0,6259.0,gas_giant
1.34,1.5,3.0763402,1.28,1.58,6200.0,gas_giant
0.67,1.4,3.922814,1.28,1.32,6350.0,gas_giant
1.855,1.302,3.446459,0.986,1.038,5870.0,gas_giant
0.526,0.969,3.312846,1.1,1.105,5880.0,gas_giant
0.85,1.51,3.6191613,1.0,1.44,6060.0,gas_giant
2.4,1.35,3.142833,1.49,2.21,6408.0,gas_giant
0.543,1.212,3.0440499,0.962,0.887,5523.0,gas_giant
1.071,1.039,2.7667641,0.967,0.933,5346.0,gas_giant
2.17,1.105,1.74748753,0.871,0.922,5311.0,gas_giant
3.27,1.3,2.686502,0.97,1.238,5738.0,gas_giant
1.338,0.777,16.254611,1.131,1.091,5846.0,gas_giant
1.98,1.337,0.8378434,1.037,1.02,5600.0,gas_giant
0.427,1.66,4.569673,1.303,1.74,5896.0,gas_giant
1.345,1.168,1.354133,0.882,0.898,5227.0,gas_giant
0.273,0.776,3.7992969,0.91,0.892,5406.0,gas_giant
0.332,1.123,3.5543973,1.08,1.021,5695.0,gas_giant
2.74,0.953,4.7228124,0.759,0.689,4803.0,gas_giant
1.47,1.86,2.1605156,1.121,1.199,5780.0,gas_giant
2.44,1.487,1.3484954,1.212,1.172,6346.0,gas_giant
0.613,1.26,4.2986432,0.994,1.107,5715.0,gas_giant
0.65,1.75,3.3023881,1.299,2.04,6071.0,gas_giant
0.53,1.5,4.637038,1.415,1.74,6438.0,gas_giant
0.672,1.194,3.1810781,0.929,0.922,5498.0,gas_giant
0.653,1.251,4.6058749,1.032,1.073,5670.0,gas_giant
1.071,1.381,3.547851,1.209,1.404,6351.0,gas_giant
0.706,1.175,3.1743516,1.093,1.061,5943.0,gas_giant
0.88,1.64,3.37796,1.275,1.87,6050.0,gas_giant
0.92,1.249,2.8126548,1.099,1.097,5700.0,gas_giant
1.192,1.23,2.5495551,1.062,1.022,5659.0,gas_giant
0.941,1.43,2.1061607,0.955,0.98,5380.0,gas_giant
1.222,1.464,1.8209933,1.317,1.433,6300.0,gas_giant
1.323,1.02,2.516729,1.001,0.925,5403.0,gas_giant
0.261,1.18,4.3888497,0.837,0.812,5099.0,gas_giant
0.56,1.067,2.7439004,0.86,0.847,5080.0,gas_giant
0.7,1.286,4.1876244,1.272,1.315,6450.0,gas_giant
0.173,0.903,4.7423729,0.917,0.853,5495.0,gas_giant
0.237,0.912,4.763387,0.936,0.871,5304.0,gas_giant
0.39,1.13,3.8297015,1.168,1.117,5990.0,gas_giant
0.768,1.41,3.3488702,1.187,1.44,5758.0,gas_giant
2.24,1.382,1.3665436,1.111,1.046,6010.0,gas_giant
0.595,1.34,3.8537768,0.964,1.1,5644.0,gas_giant
0.319,0.998,3.3252725,0.574,0.57,3724.0,gas_giant
0.12,0.563,3.185315,0.849,0.815,4985.0,gas_giant
0.138,0.873,3.583893,1.056,1.086,5679.0,gas_giant
0.839,1.065,1.9153073,1.03,1.5,5336.0,gas_giant
0.0396,0.218,9.5521,1.07,1.18,6290.0,gas_giant
0.0478,0.352,21.0576,1.07,1.18,6290.0,gas_giant
0.357,0.718,2.8758916,1.3,1.497,6147.0,gas_giant
3.195,1.095,21.2163979,1.275,1.508,6079.0,gas_giant
0.92,1.05,3.0925,1.28,1.19,6260.0,gas_giant
1.142,1.138,2.21857312,0.8,0.805,4875.0,gas_giant
0.69,1.38,3.52472,1.148,1.203,6092.0,gas_giant
0.33,0.99,18.1801,1.24,1.2,5995.0,gas_giant
0.23,1.02,3.02358,0.91,1.0,5199.0,gas_giant
0.1,0.98,4.94739,1.07,0.94,5482.0,gas_giant
0.47,1.03,3.50928,1.05,1.25,6120.0,gas_giant
0.23,0.99,3.97101,1.0,1.33,5726.0,gas_giant
0.0273,1.05,5.39792,0.832,0.78,5177.0,gas_giant
3.94,0.921,111.43637,0.98,0.98,5645.0,gas_giant
0.4,1.04,2.98572,0.9,1.04,5460.0,gas_giant
1.5,1.08,1.99809,1.21,1.22,6028.0,gas_giant
0.3,1.0,3.41566,1.2,1.93,5494.0,gas_giant
0.0237548374917,0.200464270612,9.4903,0.85,0.73,5170.0,gas_giant
0.0372,0.226,9.1265,0.775,0.716,5089.0,gas_giant
0.085,0.343,19.3044,0.92,0.98,5620.0,gas_giant
0.094,0.32,8.266902,1.01,0.95,5434.0,gas_giant
0.0263,0.136,0.571292,0.93,0.83,5814.0,terrestrial
0.018,0.22,13.3397,0.93,0.83,5814.0,gas_giant
0.187,0.471,4.73401,1.121,1.75,5474.0,gas_giant
0.0525,0.2312,13.86375,0.738,0.713,5010.0,gas_giant
0.7,0.079,0.179715,0.463,0.442,3492.0,terrestrial
0.381,0.812,28.38229,0.918,0.86,5287.0,gas_giant
0.025,0.2,32.93963,0.413,0.394,3503.0,gas_giant
0.187,0.691,7.9194,0.93,0.86,5430.0,gas_giant
0.031,0.434,11.90715,0.93,0.86,5430.0,gas_giant
0.0661,0.52,20.8851,1.12,1.21,5743.0,gas_giant
0.085,0.723,42.36342,1.12,1.21,5743.0,gas_giant
0.0972,0.397,6.77145,0.89,0.85,5320.0,gas_giant
0.026,0.194,10.05449,0.612,0.553,3951.0,gas_giant
0.0066,0.165,24.64354,0.612,0.553,3951.0,terrestrial
0.0349,0.135,44.5598,0.612,0.553,3951.0,terrestrial
0.624,1.196,4.098507,0.984,0.941,5581.0,gas_giant
1.774,1.06,1.25785,0.91,0.78,5280.0,gas_giant
0.0519,0.48,8.99218,0.87,0.87,5315.0,gas_giant
0.04,0.31,20.65614,0.87,0.87,5315.0,gas_giant
0.0343,0.335,31.71922,0.87,0.87,5315.0,gas_giant
3.6,0.451,5.42513,0.54,1.06,3540.0,gas_giant
1.78,1.35,2.995607,1.281,1.526,6132.0,gas_giant
0.125,0.73,4.60543,1.53,3.88,4881.0,gas_giant
0.426,0.683,3.00265,0.97,1.12,5500.0,gas_giant
0.067,0.222,5.06963,1.11,1.67,5887.0,gas_giant
1.9,0.205,8.199796,0.8,0.76,4970.0,gas_giant
1.67,0.33,10.134588,0.43,0.44,3410.0,gas_giant
0.97,1.29,18.249,1.6,3.1,5990.0,gas_giant
27.38,1.116,1.217514,1.335,1.471,6516.0,gas_giant
0.679,1.399,4.166285,1.112,1.209,5948.0,gas_giant
0.195,1.37,4.736529,1.438,2.72,5370.0,gas_giant
0.92,1.443,3.329441,1.181,1.481,6003.0,gas_giant
2.75,1.415,0.9689951,1.211,1.36,6236.0,gas_giant
1.31,1.525,3.0801716,1.635,1.645,7454.0,gas_giant
1.18,1.57,2.8717518,1.524,1.908,6670.0,gas_giant
4.07,1.91,4.6117093,1.62,1.83,7500.0,gas_giant
1.486,1.306,4.1137914,1.31,1.842,6148.0,gas_giant
3.518,1.735,3.4741085,2.0,1.561,8981.0,gas_giant
3.91,1.586,3.6127647,1.458,1.638,7598.0,gas_giant
1.418,1.333,2.7033902,1.282,1.482,6304.0,gas_giant
0.884,1.706,2.9895933,1.204,1.61,6207.0,gas_giant
0.442,1.18,7.845582,1.126,1.529,6272.0,gas_giant
1.29,1.533,2.7347749,1.535,1.732,6789.0,gas_giant
0.874,1.86,3.24406,1.211,1.67,5754.0,gas_giant
6.3e-05,0.0758320560836,0.653553,0.7,0.65,4412.0,terrestrial
0.64,0.625,12.21826,0.98,1.094,5820.0,gas_giant
0.001,0.052,0.1768913,0.46,0.45,3584.0,terrestrial
0.25,0.978,3.79701816,0.93,0.86,5170.0,gas_giant
0.29,1.23,10.290994,0.96,1.35,5800.0,gas_giant
0.34,1.09,3.21751883,0.91,0.92,5725.0,gas_giant
0.00270584903879,0.0945670346454,0.910022,0.632,0.574,4433.0,terrestrial
62.14,0.79,166.78805,0.94,1.25,5810.0,gas_giant
0.0239121542963,0.865377581189,130.194,1.0,0.91,5803.0,gas_giant
1.27,1.08,3.52563254,0.87,0.8,5150.0,gas_giant
0.0104772991851,0.1314,0.83749026,0.91,1.065,5708.0,terrestrial
0.0541183663676,0.2072,45.294301,0.91,1.065,5708.0,gas_giant
0.0231,0.1164,6.887037,1.109,1.5131,5825.0,terrestrial
0.0027,0.1981,12.815909,1.109,1.5131,5825.0,gas_giant
0.0094,0.1351,35.33313,1.109,1.5131,5825.0,terrestrial
0.0013,0.042,5.28696,0.81,0.76,4809.0,terrestrial
0.009,0.052,7.07142,0.81,0.76,4809.0,terrestrial
0.0082,0.104,10.3117,0.81,0.76,4809.0,terrestrial
0.0281,0.198,16.14569,0.81,0.76,4809.0,gas_giant
0.002,0.079,27.4536,0.81,0.76,4809.0,terrestrial
0.031,0.3101,15.965316,1.099,1.455,5845.0,gas_giant
0.114,0.4745,179.6133,1.099,1.455,5845.0,gas_giant
0.014,0.117,7.125939,1.28,1.16,5873.0,terrestrial
0.00047,0.073,6.16486,1.0,1.04,5858.0,terrestrial
0.03285,0.223,13.5708,1.0,1.04,5858.0,gas_giant
0.025,0.085,23.9802,1.0,1.04,5858.0,terrestrial
0.03514,0.228,43.8445,1.0,1.04,5858.0,gas_giant
0.0041,0.2086,6.481637,1.069,1.339,5952.0,gas_giant
0.00698,0.235,21.22262,1.069,1.339,5952.0,gas_giant
0.00597803857408,0.16058553053,10.30375,0.95,1.1,5680.0,terrestrial
0.0091243746657,0.256044707012,13.02502,0.95,1.1,5680.0,gas_giant
0.0229682534688,0.278348252919,22.68719,0.95,1.1,5680.0,gas_giant
0.03,0.374,31.9959,0.95,1.1,5680.0,gas_giant
0.00629267218324,0.222143317233,46.68876,0.95,1.1,5680.0,gas_giant
0.95,0.3274,118.37774,0.95,1.1,5680.0,gas_giant
0.0368,0.162,4.754,0.75,0.69,4725.0,terrestrial
0.027,0.194,8.92507,0.75,0.69,4725.0,gas_giant
0.0220243526413,0.105272736681,5.188548,0.71,0.65,4450.0,terrestrial
0.125853443665,0.143,8.041,0.71,0.65,4450.0,terrestrial
0.0151,0.226,11.776,0.71,0.65,4450.0,gas_giant
0.431,1.695,4.4379637,1.166,1.483,5947.0,gas_giant
0.0941,0.101,15.09,1.17,1.55,6013.0,terrestrial
0.104,0.101,22.804,1.17,1.55,6013.0,terrestrial
6.6,1.406,1.7633587,2.05,2.55,8500.0,gas_giant
0.05075,0.215,16.092,1.02,1.03,5685.0,gas_giant
0.026,0.075,25.516,1.02,1.03,5685.0,terrestrial
0.00021,0.052,10.31320643,0.57,0.54,3871.0,terrestrial
0.00318,0.144,13.78164,0.57,0.54,3871.0,terrestrial
0.00317779945254,0.143634835641,23.08933,0.57,0.54,3871.0,terrestrial
8.4,1.136,6.790123,1.512,2.048,6395.0,gas_giant
0.108,0.228,22.95102,1.418,1.887,6144.0,gas_giant
0.234,0.35,42.88254,1.418,1.887,6144.0,gas_giant
0.66,0.96,4.942782,1.018,0.992,5595.0,gas_giant
0.333,0.7538,228.776,0.8499,0.65,4450.0,gas_giant
10.0,1.0,287.378949,0.96,1.793,5677.0,gas_giant
1.52,1.06,1107.5923,2.1885,1.79,6210.0,gas_giant
0.006,0.1065,21.803855,0.76,0.7,4796.0,terrestrial
4.0,0.91,1071.23228,0.76,0.7,4796.0,gas_giant
2.45,1.312,1.4857108,1.16,1.05,5781.0,gas_giant
0.00535,0.259,35.855,0.93,0.98,5942.0,gas_giant
0.0198,0.635,49.412,0.93,0.98,5942.0,gas_giant
0.0216153289494384,0.17842836725554,3.504725,0.972,1.108,5383.0,gas_giant
0.0541169807758865,0.488893726280179,7.64159,0.972,1.108,5383.0,gas_giant
0.0512852782934273,0.621822859885556,14.85888,0.972,1.108,5383.0,gas_giant
0.026,0.198,9.2869944,0.936,0.85,5541.0,gas_giant
0.0305,0.1667,3.69611525,0.912,0.944,5466.0,terrestrial
0.04012,0.2718,10.85409089,0.912,0.944,5466.0,gas_giant
0.03168,0.2448,77.61130017,0.912,0.944,5466.0,gas_giant
0.0097,0.0772,6.09852281,0.912,0.944,5466.0,terrestrial
0.045,0.08948,19.57758478,0.912,0.944,5466.0,terrestrial
0.016,0.1462,2.78578,1.34,1.86,6131.0,terrestrial
0.11,0.21,289.8623,0.97,0.979,5518.0,gas_giant
0.0478,0.1511,7.106995,1.11,1.52,5760.0,terrestrial
0.189,0.278,10.742434,1.11,1.52,5760.0,gas_giant
0.055,0.1994,15.27429,1.11,1.52,5760.0,gas_giant
0.626,0.501,23.654,1.43,0.9,5614.0,gas_giant
0.056,0.179,50.447,1.43,0.9,5614.0,gas_giant
1.6,0.21,8.1453,1.03,1.07,5800.0,gas_giant
1.6,0.25,12.3335,1.03,1.07,5800.0,gas_giant
0.028,0.2411,6.2385369,1.22,1.36,6190.0,gas_giant
0.045,0.4598,12.7203678,1.22,1.36,6190.0,gas_giant
0.00875,0.248,12.2829,0.65,0.59,4500.0,gas_giant
0.01949,0.243,17.2513,0.65,0.59,4500.0,gas_giant
9.11,0.36,15.3348,0.65,0.59,5400.0,gas_giant
13.8,0.44,31.3309,0.65,0.59,5400.0,gas_giant
0.045,0.259,31.884,0.96,0.95,5812.0,gas_giant
0.044,0.25,48.648,0.96,0.95,5812.0,gas_giant
0.28,0.261,17.324,1.19,1.65,6306.0,gas_giant
0.21,0.3,33.006,1.19,1.65,6306.0,gas_giant
0.171,0.385,35.736,1.23,1.27,6562.0,gas_giant
0.13,0.277,54.414,1.23,1.27,6562.0,gas_giant
1.51,0.32,5.9123,0.75,0.7,4590.0,gas_giant
1.36,0.3,8.9858,0.75,0.7,4590.0,gas_giant
0.204,0.22,24.806,1.09,1.01,5876.0,gas_giant
0.192,0.277,44.347,1.09,1.01,5876.0,gas_giant
0.023,0.192,34.545,1.08,1.0,5990.0,gas_giant
0.013,0.239,66.0634,1.08,1.0,5990.0,gas_giant
0.415,1.034,125.8518,1.08,1.0,5990.0,gas_giant
0.0142,0.299,10.3376,1.0,0.96,5750.0,gas_giant
0.013,0.28,13.2907,1.0,0.96,5750.0,gas_giant
0.036,0.35,29.334,0.99,0.95,5498.0,gas_giant
2.01,1.1,60.3231,0.99,0.95,5498.0,gas_giant
0.073,0.79,143.343,0.99,0.95,5498.0,gas_giant
0.0356,0.322,5.487,0.83,0.87,4918.0,gas_giant
0.0192,0.295,8.291,0.83,0.87,4918.0,gas_giant
0.0234,0.217,10.416,0.78,1.03,5445.0,gas_giant
0.01147,0.196,13.084,0.78,1.03,5445.0,gas_giant
4.7,0.38,42.6318,1.21,1.22,6340.0,gas_giant
4.1,0.37,5.90124,0.58,0.53,3900.0,gas_giant
0.5,0.33,8.7522,0.58,0.53,3900.0,gas_giant
0.069,0.206,34.921,0.98,0.97,5314.0,gas_giant
0.1,0.483,71.312,0.98,0.97,5314.0,gas_giant
0.0963,0.23,13.72699,1.1,1.74,5923.0,gas_giant
0.027,0.1416,9.34149,1.1,1.74,5923.0,terrestrial
0.219928892804,0.763673411854,288.822,2.0687,1.1,5913.0,gas_giant
0.126797344492,0.727987738403,131.458,1.6971,1.0,5606.0,gas_giant
0.0176,0.277,17.849,1.03,1.33,6215.0,gas_giant
0.048,0.25,26.136,1.03,1.33,6215.0,gas_giant
0.014032658968631,0.132036991769099,13.83989,1.113,1.66,5900.0,terrestrial
0.0254149,0.3282,16.23855,1.113,1.66,5900.0,gas_giant
0.00874681433471,0.0285485387609,13.367308,0.803,0.77,5417.0,terrestrial
0.0314633609162,0.0669106377208,21.301886,0.803,0.77,5417.0,terrestrial
0.0383853003178,0.173075516238,39.792187,0.803,0.77,5417.0,terrestrial
0.38,0.39,105.595,0.949,1.757,5640.0,gas_giant
18.0,1.22,21.0874,1.1,1.39,6260.0,gas_giant
0.22,0.31,42.994,0.81,1.04,5384.0,gas_giant
0.053,0.47,88.505,0.81,1.04,5384.0,gas_giant
0.0824340056004782,0.35685673451108,3.21346,1.223,1.487,5857.0,gas_giant
2.2,1.17,6.87349,1.48,2.13,6510.0,gas_giant
0.02,0.128,2.42629,1.07,1.07,5538.0,terrestrial
0.00853,0.076,4.62332,1.07,1.07,5538.0,terrestrial
0.02,0.073,2.56502,1.08,1.23,6104.0,terrestrial
0.0692,0.106,68.9584,0.92,0.89,5460.0,terrestrial
0.49,0.841,1.855558,0.94,0.966,5660.0,gas_giant
0.939,1.325,1.720861232,1.167,1.287,5750.0,gas_giant
0.210804518139,0.38781405623,66.262,1.3623,0.7761,4700.0,gas_giant
1.1,1.2,86.67865,0.98,1.094,5820.0,gas_giant
2.5,0.85,69.7546,1.22,1.4,6230.0,gas_giant
0.009,0.07,1.2137672,0.13,0.17,3068.0,terrestrial
0.006,0.065,0.45328509,0.13,0.17,3068.0,terrestrial
0.003,0.051,1.856169,0.13,0.17,3068.0,terrestrial
1.45,0.94,86.647661,0.99,1.13,5520.0,gas_giant
0.43,1.15,7.8914483,1.15,1.24,5972.0,gas_giant
0.595,1.192,2.6843285,1.07,0.99,5790.0,gas_giant
1.03,0.89,3.3118644,1.01,0.94,5460.0,gas_giant
3.23,1.2,3.024095,1.32,1.42,6041.0,gas_giant
5.41,1.45,52.501134,1.35,4.15,5020.0,gas_giant
2.82,1.45,5.33408384,2.82,1.45,6360.0,gas_giant
2.86,1.13,12.877099,1.198,1.38,5977.0,gas_giant
0.84,1.99,8.6001536,1.538,3.21,6161.0,gas_giant
1.02,1.24,3.24674,1.19,1.52,5757.0,gas_giant
0.02,0.141,2.984151,0.18,0.21,3157.0,terrestrial
0.027,0.224,4.871229,0.18,0.21,3157.0,gas_giant
0.011,0.112,8.15275,0.18,0.21,3157.0,terrestrial
0.014,0.134,1.565409,0.22,0.24,3359.0,terrestrial
0.009,0.098,3.036179,0.22,0.24,3359.0,terrestrial
0.01,0.12,5.148921,0.22,0.24,3359.0,terrestrial
1.37,1.65,7.79430132,1.0,1.03,5493.0,gas_giant
10.0,1.43,17.8552333,1.452,1.63,6820.0,gas_giant
0.505,0.96,2.455239,0.59,0.55,3820.0,gas_giant
0.03,0.55,240.503,0.934,0.833,5527.0,gas_giant
0.0215,0.211,10.57375339,1.028,1.066,5687.0,gas_giant
0.885,0.812,33.60134,0.902,0.94,5155.0,gas_giant
0.0124,0.168,4.778,0.88,0.89,5194.0,terrestrial
0.04597,0.242,9.673928,0.88,0.89,5194.0,gas_giant
0.025,0.182,42.8961,0.88,0.89,5194.0,gas_giant
2.114,1.431,3.54846,1.374,1.793,6297.0,gas_giant
0.1,0.2,7.8125124,1.24,1.58,6225.0,gas_giant
0.11,0.25,9.3761368,1.24,1.58,6225.0,gas_giant
0.0066073057924,0.633420703757,45.1555023,1.0,0.91,5803.0,gas_giant
0.0125853443665,0.80292765265,85.3128662,1.0,0.91,5803.0,gas_giant
8.7,0.19,7.8773565,0.54,0.52,4075.0,gas_giant
10.41,0.16,16.3850021,0.54,0.52,4075.0,terrestrial
18.41,0.26,18.6489525,0.98,0.89,5858.0,gas_giant
15.75,0.28,38.5583038,0.98,0.89,5858.0,gas_giant
0.97,0.747,125.63243,1.048,0.952,5820.0,gas_giant
0.07,0.58,10.5016,1.32,4.23,4840.0,gas_giant
0.569,0.88,21.40239,1.32,4.23,4840.0,gas_giant
18.86,0.2,5.7293196,0.83,0.73,5145.0,gas_giant
6.95,0.14,11.6092567,0.83,0.73,5145.0,terrestrial
1.39,0.25,10.2184954,0.95,1.03,5843.0,gas_giant
2.19,0.26,15.5741568,0.95,1.03,5843.0,gas_giant
2.05,0.098,11.8681707,1.04,0.94,6074.0,terrestrial
1.37,0.18,17.9801235,1.04,0.94,6074.0,gas_giant
0.669,1.323,3.234723,1.209,1.391,5647.0,gas_giant
0.01317,0.153,7.1316185,1.1,1.5,5915.0,terrestrial
0.0121,0.17,8.9193459,1.1,1.5,5915.0,terrestrial
0.0131,0.178,11.9016171,1.1,1.5,5915.0,terrestrial
0.028,0.117,5.714932,0.69,0.63,4869.0,terrestrial
0.0126,0.048,12.4417,0.69,0.63,4869.0,terrestrial
0.044,0.174,18.16406,0.69,0.63,4869.0,terrestrial
0.113,0.144,122.3874,0.69,0.63,4869.0,terrestrial
0.11,0.126,267.291,0.69,0.63,4869.0,terrestrial
0.084,0.2294,5.8599408,1.199,1.399,6211.0,gas_giant
0.31,0.25,17.815815,1.038,0.966,5962.0,gas_giant
0.31,0.26,15.7259,0.865,0.778,5331.0,gas_giant
0.0188,0.206,5.3987533,1.079,1.243,5793.0,gas_giant
0.00686,0.0827,9.604979,1.079,1.243,5793.0,terrestrial
0.433,1.614,4.885525,1.36,2.02,5933.0,gas_giant
0.014,0.068,0.2401,0.496,0.203,27730.0,terrestrial
0.0021,0.078,0.34289,0.496,0.203,27730.0,terrestrial
0.68,1.32,7.340718,1.4,1.51,6050.0,gas_giant
9.9,1.03,8.884924,0.88,0.88,5330.0,gas_giant
1.96,1.25,1.54492875,1.2,1.12,6300.0,gas_giant
0.43,0.96,3.5787087,0.95,0.99,5520.0,gas_giant
0.00531730799484,0.107057020353,0.35500745,0.81,0.74,5089.0,terrestrial
0.034285,0.309568,13.4845,1.165,1.302,6174.0,gas_giant
0.018558,0.332,27.4029,1.165,1.302,6174.0,gas_giant
0.018872,0.64,52.0902,1.165,1.302,6174.0,gas_giant
0.0129,0.312,81.0659,1.165,1.302,6174.0,gas_giant
0.603,1.419,3.52254,1.213,1.486,6213.0,gas_giant
0.0465,0.178,8.305992,0.95,0.84,5666.0,terrestrial
0.059,0.197,12.51217,0.95,0.84,5666.0,gas_giant
1.02,1.21,114.73709,1.1,1.82,5600.0,gas_giant
0.0201,0.549,192.363,1.1,1.82,5600.0,gas_giant
0.0273731239971,0.337229614113,10.95416,1.022,0.961,5513.0,gas_giant
0.033,0.153,3.7432451,1.25,1.656,6116.0,terrestrial
0.049,0.386,10.423707,1.25,1.656,6116.0,gas_giant
0.164,0.98,22.3430004,1.25,1.656,6116.0,gas_giant
0.041,0.55,54.319931,1.25,1.656,6116.0,gas_giant
0.141899757732,0.990277438268,19.22418,1.0,1.1,5722.0,gas_giant
0.0975364188403,0.954591764817,39.03106,1.0,1.1,5722.0,gas_giant
0.016518264481,0.178428367256,1.592851,1.0,1.1,5722.0,gas_giant
0.73,1.384,6.24658,1.31,6.3,4550.0,gas_giant
0.189,0.326,13.748933,1.209,1.716,5871.0,gas_giant
0.0179,0.219,26.72311,1.209,1.716,5871.0,gas_giant
0.0126,0.13230463432,4.72673978,0.911,0.919,5669.0,terrestrial
0.03411,0.313,2.50806,0.81,0.76,4781.0,gas_giant
0.041,0.305,11.5231,1.08,1.41,5699.0,gas_giant
0.027,0.238,16.2385,1.0,1.02,5690.0,gas_giant
0.0209,0.128,24.73712,0.146,0.186,3131.0,terrestrial
0.0069,0.117,3.0712,0.52,0.49,3644.0,terrestrial
0.01,0.132,4.8679,0.52,0.49,3644.0,terrestrial
0.026,0.18,11.0234,0.52,0.49,3644.0,gas_giant
3.7,1.5,2.14878,1.72,2.1,7554.0,gas_giant
0.812,1.33,2.647298,0.617,0.573,3916.0,gas_giant
33.7,1.13,2.889475,0.188,0.21,3230.0,gas_giant
0.68,1.72,3.10129,1.18,1.16,6075.0,gas_giant
0.54,1.077,4.01451,0.82,0.831,5070.0,gas_giant
1.24,1.11,1.4324772,0.78,0.765,4752.0,gas_giant
1.17,1.23,1.689868,1.26,1.34,6210.0,gas_giant
1.06,1.47,3.9791,1.14,1.14,5924.0,gas_giant
0.75,1.26,3.67724,1.33,1.64,6325.0,gas_giant
4.34,1.614,2.4855335,1.52,1.53,6933.0,gas_giant
1.33,1.18,1.42002504,0.8,0.823,4910.0,gas_giant
2.487,1.144,1.3371182,0.74,0.713,4645.0,gas_giant
4.31,1.096,2.5079204,1.145,1.272,6007.0,gas_giant
5.85,1.552,1.8053949,0.954,1.115,5219.0,gas_giant
4.32,1.107,2.8792319,1.128,1.076,5747.0,gas_giant
0.668,1.062,3.506189,0.822,0.722,5052.0,gas_giant
0.0027,0.09689,1.51087081,0.08,0.117,2550.0,terrestrial
0.00434,0.09421,2.4218233,0.08,0.117,2550.0,terrestrial
0.0013,0.0689,4.04961,0.08,0.117,2550.0,terrestrial
0.002,0.0819,6.099615,0.08,0.117,2550.0,terrestrial
0.0021,0.09323,9.20669,0.08,0.117,2550.0,terrestrial
0.00422,0.1005,12.35294,0.08,0.117,2550.0,terrestrial
1.253,1.189,2.4706133738,0.98,1.0,5850.0,gas_giant
1.91,1.305,1.30618608,0.924,0.813,5720.0,gas_giant
0.917,1.706,3.5539268,1.388,1.798,6200.0,gas_giant
1.778,1.209,1.4822446,0.893,0.866,5171.0,gas_giant
0.86,1.484,2.5199464,1.24,1.382,6200.0,gas_giant
3.16,1.08,3.0927616,0.71,0.783,4675.0,gas_giant
2.03,1.69,2.849375,1.57,2.0,6900.0,gas_giant
0.5,1.41,3.585722,1.34,1.29,6400.0,gas_giant
0.624,1.259,2.709813,1.167,1.331,5940.0,gas_giant
1.49,1.528,0.925542,1.22,1.436,6110.0,gas_giant
1.272,1.137,1.7554137,1.02,0.93,5450.0,gas_giant
1.8,0.96,7.87288,0.89,0.9,5070.0,gas_giant
1.925,1.085,9.289715,1.27,1.85,6000.0,gas_giant
0.12,0.94,5.72149,0.69,0.66,4430.0,gas_giant
1.167,1.215,2.6755463,1.167,1.215,6000.0,gas_giant
0.91,1.443,3.3190233,1.203,1.346,6520.0,gas_giant
0.46,1.045,3.722469,0.82,0.81,4980.0,gas_giant
0.515,1.238,3.7783977,0.892,0.881,5400.0,gas_giant
1.85,1.442,2.310965,1.5,1.85,6400.0,gas_giant
0.88,1.191,3.0353992,0.807,1.002,5610.0,gas_giant
0.475,1.409,4.54216874538,1.318,1.608,5890.0,gas_giant
1.769,1.339,1.5487743,1.289,1.43,5940.0,gas_giant
0.2755,1.021,10.02165,1.126,1.17,6040.0,gas_giant
0.514,1.44,4.0460435,1.32,1.696,6410.0,gas_giant
1.23,1.4,2.49979,1.02,1.2,5650.0,gas_giant
1.404,1.736,1.0914222,1.35,1.599,6300.0,gas_giant
5.06,1.515,3.6112706,1.45,1.93,6450.0,gas_giant
1.184,1.865,1.2749255,1.353,1.458,6460.0,gas_giant
1.401,1.792,1.7100567,1.4,1.567,5730.0,gas_giant
0.92,1.327,2.977641,1.207,1.296,5730.0,gas_giant
0.6,1.24,3.37265,1.07,1.02,6050.0,gas_giant
0.28,0.96,3.2888,1.12,1.27,5800.0,gas_giant
0.18,1.37,4.178062,1.08,1.39,5620.0,gas_giant
1.0,0.93,5.748145,1.0,0.9,5900.0,gas_giant
1.23,0.89,11.55098,1.04,0.96,5625.0,gas_giant
0.27,1.22,5.322023,1.06,1.53,6030.0,gas_giant
0.41,0.87,7.133521,0.8,0.74,4775.0,gas_giant
1.16,1.21,2.176423,1.16,1.44,5700.0,gas_giant
1.9,1.3,1.4013794,0.98,0.96,5680.0,gas_giant
1.51,1.38,5.215357,1.51,1.38,6260.0,gas_giant
7.341,1.281,2.2437661,1.211,1.306,6475.0,gas_giant
2.44,1.44,2.2359835,0.9,0.87,5260.0,gas_giant
2.69,1.21,3.310651,1.25,1.37,5900.0,gas_giant
0.84,1.53,2.052868,1.33,1.64,6010.0,gas_giant
0.542,1.428,3.7520656,1.18,1.477,6300.0,gas_giant
0.31,1.13,4.533471,1.077,1.14,5871.0,gas_giant
0.39,1.55,3.332609,1.336,1.73,5914.0,gas_giant
0.128,0.51,3.836169,0.842,0.76,4910.0,gas_giant
0.576,1.045,3.9516205,1.26,1.11,5840.0,gas_giant
0.855,1.008,3.1186009,1.022,0.946,5550.0,gas_giant
8.0,1.51,2.0219591,1.518,1.756,7043.0,gas_giant
0.486,1.991,3.735438,1.2,1.38,6650.0,gas_giant
10.43,1.165,0.9414518,1.24,1.23,6400.0,gas_giant
1.114,1.395,0.78884,0.904,1.004,5500.0,gas_giant
0.847,1.079,2.15222144,0.84,0.834,5150.0,gas_giant
0.313,1.459,4.8996285,1.202,1.392,5950.0,gas_giant
0.3,1.21,4.3225126,1.01,1.06,5800.0,gas_giant
0.617,1.199,3.5327313,1.1,1.13,6000.0,gas_giant
0.884,0.962,2.9444256,0.78,0.765,5150.0,gas_giant
1.071,1.3,2.3412127,1.129,1.147,6075.0,gas_giant
0.58,1.26,3.76483,1.0,0.95,5750.0,gas_giant
1.028,1.281,2.7566004,1.12,1.34,5950.0,gas_giant
0.907,1.213,3.40883,1.021,1.094,6150.0,gas_giant
0.242897146273,0.84128975161,3.922727,0.825,0.846,4800.0,gas_giant
2.06,1.454,1.8468372,1.24,1.31,6400.0,gas_giant
0.478,1.537,3.405909,1.16,1.24,6200.0,gas_giant
3.6,1.18,2.71865,1.1,1.11,6100.0,gas_giant
2.1,1.603,1.21986967,1.495,1.444,7400.0,gas_giant
0.59,1.22,4.3176782,1.01,0.93,5700.0,gas_giant
2.279,1.269,1.5373653,1.02,0.943,5881.0,gas_giant
1.8,1.16,3.577471,0.849,0.977,5800.0,gas_giant
2.712,1.079,6.871815,1.216,1.365,6150.0,gas_giant
0.28,1.27,4.055259,0.93,0.895,5400.0,gas_giant
1.237,1.395,1.33823187,0.93,1.15,5500.0,gas_giant
0.94,1.18,3.052404,0.95,1.01,5450.0,gas_giant
2.052,1.036,0.81347753,0.717,0.667,4520.0,gas_giant
0.889,1.14,2.4238039,0.951,0.927,5410.0,gas_giant
1.007,1.16,3.1260876,0.909,0.945,5140.0,gas_giant
2.101,1.31,1.43037,0.956,0.917,5620.0,gas_giant
1.13,1.17,4.15912,1.11,1.16,5400.0,gas_giant
0.0428,0.331,9.0304,1.11,1.16,5400.0,gas_giant
0.029,0.167,0.78961,1.11,1.16,5400.0,terrestrial
0.98,1.67,2.143634,1.19,1.75,5990.0,gas_giant
1.637,1.171,1.6284246,1.0,1.084,5700.0,gas_giant
1.437,1.138,1.9550959,0.861,0.855,5400.0,gas_giant
0.46,1.27,1.7497798,0.87,0.79,5000.0,gas_giant
2.132,1.074,3.3098443,0.839,0.798,4953.0,gas_giant
0.57,1.3,4.465633,1.013,1.011,5900.0,gas_giant
0.89,1.37,5.01718,0.94,1.17,5800.0,gas_giant
0.7,0.9,7.9,0.719,0.613,4650.0,gas_giant
0.503,1.224,3.361006,0.888,0.87,5450.0,gas_giant
0.5,0.9,4.3,1.078,1.14,5900.0,gas_giant
2.06,1.24,3.8559,1.22,1.36,6250.0,gas_giant
0.57,1.39,4.411953,1.25,1.28,6230.0,gas_giant
0.38,1.43,4.37809,1.32,1.88,5550.0,gas_giant
2.32,1.39,4.086052,1.3,1.75,6600.0,gas_giant
0.42,1.4,4.61442,0.87,0.87,5200.0,gas_giant
0.26,1.057,3.8681382,0.826,0.813,4715.0,gas_giant
0.96,1.33,4.9546416,1.276,1.432,6400.0,gas_giant
0.59,1.164,3.7130203,1.106,1.215,5763.0,gas_giant
2.258,1.5,2.9036747,1.572,2.32,6050.0,gas_giant
1.461,1.27,2.2167421,1.386,1.98,6250.0,gas_giant
1.88,1.16,4.08722,1.34,2.07,6030.0,gas_giant
0.97,1.56,2.13775,1.48,1.64,5970.0,gas_giant
0.92,1.83,1.809886,1.46,1.73,6250.0,gas_giant
1.76,1.21,1.3600309,1.002,0.955,5500.0,gas_giant
1.16,1.75,2.17517656,2.02,2.31,6100.0,gas_giant
0.9,1.7,3.6623817,1.56,1.64,6600.0,gas_giant
2.244,1.038,8.158715,1.033,0.953,5600.0,gas_giant
0.554,0.952,3.0678504,0.58,0.63,4145.0,gas_giant
0.729,1.429,2.7164762,1.08,1.283,5870.0,gas_giant
1.24,1.67,2.705782,1.63,2.18,6500.0,gas_giant
0.3,1.04,4.071252,1.11,1.05,5480.0,gas_giant
0.694,0.942,8.5234865,0.842,0.748,5314.0,gas_giant
1.265,1.24,2.6556777,1.09,0.935,6112.0,gas_giant
0.821,0.632,5.031555,1.239,1.291,6330.0,gas_giant
2.21,1.385,1.682795,1.204,1.627,6450.0,gas_giant
0.56,1.7,4.954,1.45,2.08,6431.0,gas_giant
5.9,1.04,3.3564227,0.92,0.88,4955.0,gas_giant
0.63,1.63,3.916243,1.55,1.98,6430.0,gas_giant
1.34,1.03,1.798581,0.84,0.86,4920.0,gas_giant
0.805,1.461,2.1746742,1.19,1.341,6280.0,gas_giant
1.47,1.597,2.7325321,1.3,1.06,6700.0,gas_giant
0.452,1.72,3.9501907,1.29,1.36,6170.0,gas_giant
1.13,1.21,2.184673,1.11,1.13,5630.0,gas_giant
0.48,1.2,3.4252602,1.06,1.05,5540.0,gas_giant
1.32,1.13,2.07276,1.12,1.06,5640.0,gas_giant
0.83,1.1,2.96264,0.69,0.7,5525.0,gas_giant
2.78,1.1,5.75251,1.48,1.76,6180.0,gas_giant
13.0,1.009,25800.0,0.019,0.098,730.0,gas_giant
22.0,0.96,47400.0,0.03,0.091,575.0,gas_giant
4.01,1.49,3.352059,1.2,1.15,6250.0,gas_giant
1.12,1.3,1.0187074,0.82,0.761,5000.0,gas_giant
0.62,0.973,2.615838,0.98,0.964,5340.0,gas_giant
11.79,1.217,3.1915239,1.41,1.49,6781.0,gas_giant
1.616,1.317,4.12473,1.32,1.55,5700.0,gas_giant
1.077,1.03,4.1877537,0.88,1.06,5510.0,gas_giant
1.9,2.07,3.7650007,1.47,1.93,6720.0,gas_giant
5.84,1.06,3.31249,1.3,1.331,6309.0,gas_giant
